<?xml version="1.0" encoding="UTF-8"?>
<classpath>
	<classpathentry kind="src" path="src"/>
	<classpathentry exported="true" kind="con" path="org.eclipse.jst.j2ee.internal.web.container"/>
	<classpathentry exported="true" kind="con" path="org.eclipse.jst.j2ee.internal.module.container"/>
	<classpathentry exported="true" kind="lib" path="WebContent/WEB-INF/lib/spring-web-3.2.4.RELEASE.jar">
		<attributes>
			<attribute name="org.eclipse.jst.component.dependency" value="/WEB-INF/lib"/>
		</attributes>
	</classpathentry>
	<classpathentry exported="true" kind="lib" path="WebContent/WEB-INF/lib/spring-webmvc-3.2.4.RELEASE.jar">
		<attributes>
			<attribute name="org.eclipse.jst.component.dependency" value="/WEB-INF/lib"/>
		</attributes>
	</classpathentry>
	<classpathentry exported="true" kind="lib" path="WebContent/WEB-INF/lib/spring-webmvc-portlet-3.2.4.RELEASE.jar">
		<attributes>
			<attribute name="org.eclipse.jst.component.dependency" value="/WEB-INF/lib"/>
		</attributes>
	</classpathentry>
	<classpathentry exported="true" kind="lib" path="WebContent/WEB-INF/lib/beandoc-0.7.0.jar">
		<attributes>
			<attribute name="org.eclipse.jst.component.dependency" value="/WEB-INF/lib"/>
		</attributes>
	</classpathentry>
	<classpathentry exported="true" kind="lib" path="WebContent/WEB-INF/lib/spring-beandoc-0.7.1.jar">
		<attributes>
			<attribute name="org.eclipse.jst.component.dependency" value="/WEB-INF/lib"/>
		</attributes>
	</classpathentry>
	<classpathentry exported="true" kind="lib" path="WebContent/WEB-INF/lib/spring-beans-3.2.4.RELEASE.jar">
		<attributes>
			<attribute name="org.eclipse.jst.component.dependency" value="/WEB-INF/lib"/>
		</attributes>
	</classpathentry>
	<classpathentry exported="true" kind="lib" path="WebContent/WEB-INF/lib/spring-context-3.2.4.RELEASE.jar">
		<attributes>
			<attribute name="org.eclipse.jst.component.dependency" value="/WEB-INF/lib"/>
		</attributes>
	</classpathentry>
	<classpathentry exported="true" kind="lib" path="WebContent/WEB-INF/lib/spring-context-support-3.2.4.RELEASE.jar">
		<attributes>
			<attribute name="org.eclipse.jst.component.dependency" value="/WEB-INF/lib"/>
		</attributes>
	</classpathentry>
	<classpathentry exported="true" kind="lib" path="WebContent/WEB-INF/lib/spring-core-3.2.4.RELEASE.jar">
		<attributes>
			<attribute name="org.eclipse.jst.component.dependency" value="/WEB-INF/lib"/>
		</attributes>
	</classpathentry>
	<classpathentry exported="true" kind="lib" path="WebContent/WEB-INF/lib/spring-expression-3.2.4.RELEASE.jar">
		<attributes>
			<attribute name="org.eclipse.jst.component.dependency" value="/WEB-INF/lib"/>
		</attributes>
	</classpathentry>
	<classpathentry exported="true" kind="lib" path="WebContent/WEB-INF/lib/log4j-1.2.14.jar">
		<attributes>
			<attribute name="org.eclipse.jst.component.dependency" value="/WEB-INF/lib"/>
		</attributes>
	</classpathentry>
	<classpathentry exported="true" kind="lib" path="WebContent/WEB-INF/lib/mysql-connector-java-5.1.11-bin.jar">
		<attributes>
			<attribute name="org.eclipse.jst.component.dependency" value="/WEB-INF/lib"/>
		</attributes>
	</classpathentry>
	<classpathentry exported="true" kind="lib" path="WebContent/WEB-INF/lib/slf4j-api-1.5.6.jar">
		<attributes>
			<attribute name="org.eclipse.jst.component.dependency" value="/WEB-INF/lib"/>
		</attributes>
	</classpathentry>
	<classpathentry exported="true" kind="lib" path="WebContent/WEB-INF/lib/slf4j-log4j12-1.5.6.jar">
		<attributes>
			<attribute name="org.eclipse.jst.component.dependency" value="/WEB-INF/lib"/>
		</attributes>
	</classpathentry>
	<classpathentry exported="true" kind="lib" path="WebContent/WEB-INF/lib/commons-logging-1.2-javadoc.jar">
		<attributes>
			<attribute name="org.eclipse.jst.component.dependency" value="/WEB-INF/lib"/>
		</attributes>
	</classpathentry>
	<classpathentry exported="true" kind="lib" path="WebContent/WEB-INF/lib/commons-logging-1.2.jar">
		<attributes>
			<attribute name="org.eclipse.jst.component.dependency" value="/WEB-INF/lib"/>
		</attributes>
	</classpathentry>
	<classpathentry exported="true" kind="lib" path="WebContent/WEB-INF/lib/spring-dao-2.0.8.jar">
		<attributes>
			<attribute name="org.eclipse.jst.component.dependency" value="/WEB-INF/lib"/>
		</attributes>
	</classpathentry>
	<classpathentry exported="true" kind="lib" path="WebContent/WEB-INF/lib/spring-jdbc-3.2.4.RELEASE.jar">
		<attributes>
			<attribute name="org.eclipse.jst.component.dependency" value="/WEB-INF/lib"/>
		</attributes>
	</classpathentry>
	<classpathentry exported="true" kind="con" path="org.eclipse.jst.server.core.container/org.eclipse.jst.server.tomcat.runtimeTarget/Apache Tomcat v8.5 (2)"/>
	<classpathentry exported="true" kind="lib" path="/home/asmita/workspace-sts-3.8.2.RELEASE/SpringMVCloginExample-js/WebContent/WEB-INF/lib/standard.jar">
		<attributes>
			<attribute name="org.eclipse.jst.component.dependency" value="/WEB-INF/lib"/>
		</attributes>
	</classpathentry>
	<classpathentry exported="true" kind="lib" path="/home/asmita/Downloads/javax.ws.rs-api-2.0.jar(1).zip">
		<attributes>
			<attribute name="org.eclipse.jst.component.dependency" value="/WEB-INF/lib"/>
		</attributes>
	</classpathentry>
	<classpathentry exported="true" kind="lib" path="/home/asmita/Documents/spring-framework-2.5/javax.ws.rs-api-2.0.jar">
		<attributes>
			<attribute name="org.eclipse.jst.component.dependency" value="/WEB-INF/lib"/>
		</attributes>
	</classpathentry>
	<classpathentry kind="con" path="org.eclipse.jdt.launching.JRE_CONTAINER/org.eclipse.jdt.internal.debug.ui.launcher.StandardVMType/jdk1.8.0_111">
		<attributes>
			<attribute name="owner.project.facets" value="java"/>
		</attributes>
	</classpathentry>
	<classpathentry kind="output" path="build/classes"/>
</classpath>
